{
  "model": "lenet5",
  "clean_loss": 1.2691924678292243,
  "clean_acc": 55.64,
  "epsilons": [
    0.00392156862745098,
    0.00784313725490196,
    0.01568627450980392,
    0.03137254901960784
  ],
  "fgsm": [
    {
      "epsilon": 0.00392156862745098,
      "adv_loss": 1.4190651368183695,
      "adv_acc": 50.28,
      "acc_drop": 5.359999999999999
    },
    {
      "epsilon": 0.00784313725490196,
      "adv_loss": 1.5757042678298465,
      "adv_acc": 45.38,
      "acc_drop": 10.259999999999998
    },
    {
      "epsilon": 0.01568627450980392,
      "adv_loss": 1.8872513938101994,
      "adv_acc": 36.75,
      "acc_drop": 18.89
    },
    {
      "epsilon": 0.03137254901960784,
      "adv_loss": 2.4291045483510207,
      "adv_acc": 24.48,
      "acc_drop": 31.16
    }
  ]
}