{
  "model": "resnet34",
  "clean_loss": 0.5020529187408982,
  "clean_acc": 85.8,
  "epsilons": [
    0.00392156862745098,
    0.00784313725490196,
    0.01568627450980392,
    0.03137254901960784
  ],
  "fgsm": [
    {
      "epsilon": 0.00392156862745098,
      "adv_loss": 1.1262171803765995,
      "adv_acc": 72.37,
      "acc_drop": 13.429999999999993
    },
    {
      "epsilon": 0.00784313725490196,
      "adv_loss": 1.9927648154033977,
      "adv_acc": 58.64,
      "acc_drop": 27.159999999999997
    },
    {
      "epsilon": 0.01568627450980392,
      "adv_loss": 3.955253323172308,
      "adv_acc": 36.72,
      "acc_drop": 49.08
    },
    {
      "epsilon": 0.03137254901960784,
      "adv_loss": 7.109482926168259,
      "adv_acc": 16.19,
      "acc_drop": 69.61
    }
  ]
}