{
  "model": "vgg16",
  "clean_loss": 0.48954526206869986,
  "clean_acc": 86.86,
  "epsilons": [
    0.00392156862745098,
    0.00784313725490196,
    0.01568627450980392,
    0.03137254901960784
  ],
  "fgsm": [
    {
      "epsilon": 0.00392156862745098,
      "adv_loss": 0.9998951692869709,
      "adv_acc": 76.41,
      "acc_drop": 10.450000000000003
    },
    {
      "epsilon": 0.00784313725490196,
      "adv_loss": 1.634607327212194,
      "adv_acc": 66.1,
      "acc_drop": 20.760000000000005
    },
    {
      "epsilon": 0.01568627450980392,
      "adv_loss": 2.968862954218676,
      "adv_acc": 47.87,
      "acc_drop": 38.99
    },
    {
      "epsilon": 0.03137254901960784,
      "adv_loss": 5.033845705591189,
      "adv_acc": 27.28,
      "acc_drop": 59.58
    }
  ]
}