{
  "train_loss": [
    1.752010332580653,
    1.3166908675165319,
    1.065623597761546,
    0.9011412134768697,
    0.7756898877844374,
    0.6678926966125946,
    0.586471610136632,
    0.5219747408716156,
    0.45923883102002855,
    0.40815930869152295,
    0.3654240706582059,
    0.32609357396782757,
    0.2978349829459326,
    0.26934034869805584,
    0.24687702606571804,
    0.23098389547802747,
    0.21495738422382932,
    0.20118096324879287,
    0.08285324057241784,
    0.040831394249331084,
    0.025619255265157456,
    0.017519468603362464,
    0.01541875769672265,
    0.011936328864942917,
    0.010018425667015144
  ],
  "val_loss": [
    1.6097481584852669,
    1.4676637957050542,
    1.0703272656270653,
    0.8038874809529372,
    0.7135519404320201,
    0.8423144955923603,
    0.7412270323913188,
    0.6156210563365062,
    0.6364351395209125,
    0.5145860077564124,
    0.5608447169185065,
    0.5031848831849682,
    0.5554049656767944,
    0.5678323807200761,
    0.5742252492553489,
    0.5033903310110994,
    0.5211935210320505,
    0.5409977397151814,
    0.46155680405201427,
    0.5058353935742075,
    0.5664823169650949,
    0.5914601157152444,
    0.6439759275589767,
    0.6564489288862119,
    0.6558649280719506
  ],
  "val_acc": [
    33.9,
    50.08,
    62.88,
    71.4,
    76.02,
    72.24,
    76.22,
    79.48,
    79.82,
    82.9,
    82.54,
    83.4,
    83.1,
    83.16,
    83.12,
    84.82,
    84.4,
    84.34,
    87.6,
    87.56,
    87.42,
    87.34,
    87.24,
    87.06,
    87.36
  ],
  "epoch_time_sec": [
    121.31885981559753,
    120.8255352973938,
    120.9122986793518,
    120.94126725196838,
    138.5187258720398,
    120.91610360145569,
    120.86774110794067,
    121.35165858268738,
    120.45142149925232,
    120.59320259094238,
    121.02076721191406,
    118.83810806274414,
    117.58451294898987,
    137.53274011611938,
    117.61658692359924,
    117.5954520702362,
    118.74812364578247,
    118.0296368598938,
    117.82442736625671,
    117.52103805541992,
    120.05321216583252,
    120.49160671234131,
    117.73389196395874,
    147.2751693725586,
    117.55139374732971
  ],
  "lr": [
    0.001,
    0.001,
    0.001,
    0.001,
    0.001,
    0.001,
    0.001,
    0.001,
    0.001,
    0.001,
    0.001,
    0.001,
    0.001,
    0.001,
    0.001,
    0.001,
    0.001,
    0.0001,
    0.0001,
    0.0001,
    0.0001,
    0.0001,
    0.0001,
    0.0001,
    1e-05
  ],
  "gpu_peak_mem_mb": [
    351.61181640625,
    409.44775390625,
    413.19775390625,
    409.69775390625,
    412.94775390625,
    410.69775390625,
    410.69775390625,
    410.69775390625,
    409.94775390625,
    409.94775390625,
    411.94775390625,
    411.94775390625,
    410.94775390625,
    410.94775390625,
    410.94775390625,
    410.94775390625,
    410.94775390625,
    410.94775390625,
    410.94775390625,
    409.69775390625,
    409.69775390625,
    409.69775390625,
    409.69775390625,
    409.69775390625,
    409.69775390625
  ]
}